Id,Name,Date,Session
User001,Alice Johnson,1/15/2025,1
User002,Bob Smith,1/15/2025,1
User003,Charlie Brown,1/15/2025,1
User004,Diana Wilson,1/15/2025,1
User005,Edward Davis,1/15/2025,1
User006,Fiona Martinez,1/15/2025,1
User007,George Anderson,1/15/2025,1
User008,Hannah Taylor,1/15/2025,1
User009,Ian Thomas,1/15/2025,1
User010,Jane Jackson,1/15/2025,1
User001,Alice Johnson,1/17/2025,2
User002,Bob Smith,1/17/2025,2
User003,Charlie Brown,1/17/2025,2
User004,Diana Wilson,1/17/2025,2
User005,Edward Davis,1/17/2025,2
User006,Fiona Martinez,1/17/2025,2
User007,George Anderson,1/17/2025,2
User008,Hannah Taylor,1/17/2025,2
User009,Ian Thomas,1/17/2025,2
User010,Jane Jackson,1/17/2025,2
User011,Karen White,1/20/2025,1
User012,Liam Harris,1/20/2025,1
User013,Maria Clark,1/20/2025,1
User014,Nathan Lewis,1/20/2025,1
User015,Olivia Walker,1/20/2025,1
User016,Paul Hall,1/20/2025,1
User017,Quinn Allen,1/20/2025,1
User018,Rachel Young,1/20/2025,1
User019,Samuel King,1/20/2025,1
User020,Tina Wright,1/20/2025,1
User011,Karen White,1/22/2025,2
User012,Liam Harris,1/22/2025,2
User013,Maria Clark,1/22/2025,2
User014,Nathan Lewis,1/22/2025,2
User015,Olivia Walker,1/22/2025,2
User016,Paul Hall,1/22/2025,2
User017,Quinn Allen,1/22/2025,2
User018,Rachel Young,1/22/2025,2
User019,Samuel King,1/22/2025,2
User020,Tina Wright,1/22/2025,2
User021,Victor Lopez,1/25/2025,1
User022,Wendy Hill,1/25/2025,1
User023,Xavier Scott,1/25/2025,1
User024,Yara Green,1/25/2025,1
User025,Zachary Adams,1/25/2025,1
User026,Amanda Baker,1/25/2025,1
User027,Brian Nelson,1/25/2025,1
User028,Christina Carter,1/25/2025,1
User029,David Mitchell,1/25/2025,1
User030,Emily Perez,1/25/2025,1
User021,Victor Lopez,1/27/2025,2
User022,Wendy Hill,1/27/2025,2
User023,Xavier Scott,1/27/2025,2
User024,Yara Green,1/27/2025,2
User025,Zachary Adams,1/27/2025,2
User026,Amanda Baker,1/27/2025,2
User027,Brian Nelson,1/27/2025,2
User028,Christina Carter,1/27/2025,2
User029,David Mitchell,1/27/2025,2
User030,Emily Perez,1/27/2025,2
User031,Frank Roberts,1/30/2025,1
User032,Grace Turner,1/30/2025,1
User033,Henry Phillips,1/30/2025,1
User034,Isabella Campbell,1/30/2025,1
User035,Jack Parker,1/30/2025,1
User036,Kelly Evans,1/30/2025,1
User037,Luke Edwards,1/30/2025,1
User038,Maya Collins,1/30/2025,1
User039,Noah Stewart,1/30/2025,1
User040,Paula Sanchez,1/30/2025,1
User031,Frank Roberts,2/1/2025,2
User032,Grace Turner,2/1/2025,2
User033,Henry Phillips,2/1/2025,2
User034,Isabella Campbell,2/1/2025,2
User035,Jack Parker,2/1/2025,2
User036,Kelly Evans,2/1/2025,2
User037,Luke Edwards,2/1/2025,2
User038,Maya Collins,2/1/2025,2
User039,Noah Stewart,2/1/2025,2
User040,Paula Sanchez,2/1/2025,2
